{
  "resourceType": "Patient",
  "id": "985ac75c-54cd-47ab-afe1-93d52db5ba48",
  "meta": {
    "versionId": "1",
    "lastUpdated": "2023-01-31T09:16:31+00:00"
  },
  "text": {
    "status": "generated",
    "div": "<div xmlns=\"http://www.w3.org/1999/xhtml\"> <p>Halley Bailey</p></div>"
  },
  "extension": [
    {
      "valueCode": "F",
      "url": "http://hl7.org/fhir/us/core/StructureDefinition/us-core-birthsex"
    },
    {
      "extension": [
        {
          "valueCoding": {
            "system": "urn:oid:2.16.840.1.113883.6.238",
            "code": "2028-9",
            "display": "Asian"
          },
          "url": "ombCategory"
        },
        {
          "valueString": "Asian",
          "url": "text"
        }
      ],
      "url": "http://hl7.org/fhir/us/core/StructureDefinition/us-core-race"
    },
    {
      "extension": [
        {
          "valueCoding": {
            "system": "urn:oid:2.16.840.1.113883.6.238",
            "code": "2186-5",
            "display": "Not Hispanic or Latino"
          },
          "url": "ombCategory"
        },
        {
          "valueString": "Not Hispanic or Latino",
          "url": "text"
        }
      ],
      "url": "http://hl7.org/fhir/us/core/StructureDefinition/us-core-ethnicity"
    }
  ],
  "identifier": [
    {
      "use": "official",
      "type": {
        "coding": [
          {
            "system": "http://terminology.hl7.org/CodeSystem/v2-0203",
            "code": "PT"
          }
        ]
      },
      "system": "http://terminology.hl7.org/CodeSystem/v2-0203",
      "value": "37"
    }
  ],
  "active": true,
  "name": [
    {
      "use": "official",
      "family": "Bailey",
      "given": [
        "Halley"
      ]
    }
  ],
  "gender": "female",
  "birthDate": "1967-06-15",
  "address": [
    {
      "use": "home",
      "type": "both",
      "line": [
        "809 Skiles Quay Unit 13"
      ],
      "city": "Boston",
      "state": "Massachusetts",
      "postalCode": "02135",
      "period": {
        "start": "2023-01-31T09:16:31.000+00:00"
      }
    }
  ],
  "communication": [
    {
      "language": {
        "coding": [
          {
            "system": "urn:ietf:bcp:47",
            "code": "en",
            "display": "English"
          }
        ],
        "text": "English"
      }
    }
  ],
  "ConditionCode": "105531004",
  "ConceptResult": {
    "conceptId": 365508006,
    "preferredTerm": "Residence and accommodation circumstances - finding"
  },
  "primary_patient_id": "306"
}