{
    "resourceType": "Observation",
    "id": "149",
    "meta": {
        "versionId": "1",
        "lastUpdated": "2024-12-06T12:00:00+00:00",
        "source": "#1234XYZ",
        "profile": [
            "http://hl7.org/fhir/StructureDefinition/vitalsigns"
        ]
    },
    "text": {
        "status": "generated",
        "div": "<div xmlns='http://www.w3.org/1999/xhtml'>Blood Pressure Observation</div>"
    },
    "identifier": [
        {
            "system": "urn:ietf:rfc:3986",
            "value": "urn:uuid:25f0c3a4-88dd-45e2-99b2-32b6588a6123"
        }
    ],
    "status": "final",
    "category": [
        {
            "coding": [
                {
                    "system": "http://terminology.hl7.org/CodeSystem/observation-category",
                    "code": "vital-signs",
                    "display": "Vital Signs"
                }
            ]
        }
    ],
    "code": {
        "coding": [
            {
                "system": "http://loinc.org",
                "code": "85354-9",
                "display": "Blood pressure panel with all children optional"
            }
        ],
        "text": "Blood pressure systolic & diastolic"
    },
    "subject": {
        "reference": "Patient/216",
        "display": "Amado Tillman"
    },
    "effectiveDateTime": "2024-12-09",
    "performer": [
        {
            "reference": "Practitioner/4",
            "display": "Dr. John Doe"
        }
    ],
    "bodySite": {
        "coding": [
            {
                "system": "http://snomed.info/sct",
                "code": "368209003",
                "display": "Right arm"
            }
        ],
        "text": "Right arm"
    },
    "component": [
        {
            "code": {
                "coding": [
                    {
                        "system": "http://loinc.org",
                        "code": "8480-6",
                        "display": "Systolic blood pressure"
                    }
                ]
            },
            "valueQuantity": {
                "value": 120,
                "unit": "mmHg",
                "system": "http://unitsofmeasure.org",
                "code": "mm[Hg]"
            },
            "interpretation": [
                {
                    "coding": [
                        {
                            "system": "http://terminology.hl7.org/CodeSystem/v3-ObservationInterpretation",
                            "code": "N",
                            "display": "normal"
                        }
                    ],
                    "text": "Normal"
                }
            ]
        },
        {
            "code": {
                "coding": [
                    {
                        "system": "http://loinc.org",
                        "code": "8462-4",
                        "display": "Diastolic blood pressure"
                    }
                ]
            },
            "valueQuantity": {
                "value": 80,
                "unit": "mmHg",
                "system": "http://unitsofmeasure.org",
                "code": "mm[Hg]"
            },
            "interpretation": [
                {
                    "coding": [
                        {
                            "system": "http://terminology.hl7.org/CodeSystem/v3-ObservationInterpretation",
                            "code": "N",
                            "display": "normal"
                        }
                    ],
                    "text": "Normal"
                }
            ]
        }
    ]
}
